<?xml version="1.0" encoding="UTF-8" ?>

<odoo>
    <function name="write" model="ir.model.data">
        <value model="ir.model.data"
               search="[('module', '=', 'crm'), ('name', '=', 'crm_rule_personal_lead')]"/>
        <value eval="{'noupdate': False}"/>
    </function>

    <record id="crm.crm_rule_personal_lead" model="ir.rule">
        <field name="domain_force">
            ['|','|',('user_id','=',user.id),('user_id','=',False),('message_partner_ids','in',[user.partner_id.id])]
        </field>
        <field name="groups" eval="[(4, ref('sales_team.group_sale_salesman'))]"/>
    </record>
</odoo>