id,name,model_id:id,group_id:id,perm_read,perm_write,perm_create,perm_unlink
access_hospital_patient,access.hospital.patient,model_hospital_patient,i_hospital.group_hospital_receptionist,1,1,1,1
access_hospital_appointment,access.hospital.appointment,model_hospital_appointment,i_hospital.group_hospital_receptionist,1,1,1,1
access_hospital_appointment_line,access.hospital.appointment.line,model_hospital_appointment_line,i_hospital.group_hospital_receptionist,1,1,1,1
access_patient_tag_receptionist,access.patient.tag.receptionist,model_patient_tag,i_hospital.group_hospital_receptionist,1,1,1,0
access_patient_tag_doctors,access.patient.tag.doctors,model_patient_tag,i_hospital.group_hospital_doctors,1,1,1,1
