<?xml version="1.0" encoding="utf-8"?>
<odoo noupdate="1">

    <record model="ir.module.category" id="module_category_hospital">
        <field name="name">Hospital</field>
        <field name="sequence">5</field>
    </record>

    <record id="group_hospital_receptionist" model="res.groups">
        <field name="name">Receptionist</field>
        <field name="category_id" ref="i_hospital.module_category_hospital"/>
        <field name="implied_ids" eval="[(4, ref('base.group_user'))]"/>
        <field name="comment">This user will have access to appointments</field>
    </record>

    <record id="group_hospital_doctors" model="res.groups">
        <field name="name">Doctors</field>
        <field name="category_id" ref="i_hospital.module_category_hospital"/>
        <field name="implied_ids" eval="[(4, ref('i_hospital.group_hospital_receptionist'))]"/>
        <field name="comment">This user will have access to patient details</field>
    </record>

    <record id="receptionist_own_appointment_rule" model="ir.rule">
        <field name="name">receptionist: view own records</field>
        <field name="model_id" ref="model_hospital_appointment"/>
        <field name="groups" eval="[Command.set([ref('i_hospital.group_hospital_receptionist')])]"/>
        <field name="domain_force">[('create_uid', '=', user.id)]</field>
    </record>

    <record id="doctor_view__all_appointment_rule" model="ir.rule">
        <field name="name">doctor: view all records</field>
        <field name="model_id" ref="model_hospital_appointment"/>
        <field name="groups" eval="[Command.set([ref('i_hospital.group_hospital_doctors')])]"/>
        <field name="domain_force">[]</field>
    </record>

</odoo>